vehicle_type,promedio,maximo,minimo
bike,25.00819230769231,49.52,0.67
ev bike,25.427750118539592,49.52,0.67
ev van,25.018736637512145,49.52,0.67
scooter,24.633818878773358,49.52,0.67
truck,25.414769601930036,49.52,0.67
van,25.368094100788156,49.52,0.67
